,Timestamp,WalletBalance,AvailableBalance,RealizedProfit,UnrealizedProfit
0,1750337674769.0,14250.05736074,12208.05949107,2041.9993344499999,-2.76953899
1,1750337674769.0,14250.00123139,12202.76885651,2041.9432051000003,-2.76383531
2,1750337676704.0,14249.93911116,12202.71567944,2041.8810848699995,-2.76382326
3,1750337676704.0,14249.89623245,12197.43644112,2041.8382061600005,-2.75812218
4,1750337678215.0,14249.89224309,12197.47213222,2041.8342168,-2.7581214
5,1750337678215.0,14249.84679982,12192.19080179,2041.7887735299992,-2.75241985
6,1750337679950.0,14249.84651487,12192.19055797,2041.7884885799995,-2.7524198
7,1750337679950.0,14249.80463352,12186.87297066,2041.7466072299994,-2.7467189
8,1750337681705.0,14249.80406362,12186.87248324,2041.74603733,-2.7467188
9,1750337681705.0,14249.79210222,12181.61968045,2041.7340759300005,-2.74102366
10,1750337683563.0,14249.79238717,12181.61992405,2041.7343608800002,-2.74102371
11,1750337683563.0,14249.65632944,12176.26303149,2041.59830315,-2.7748106
12,1750337685210.0,14249.72044341,12176.31584274,2041.66241712,-2.73531706
13,1750337685210.0,14249.67856207,12171.03746154,2041.620535779999,-2.72961619
14,1750337686683.0,14249.67343297,12171.07268651,2041.615406679999,-2.72961521
15,1750337686683.0,14249.62969947,12165.75311985,2041.5716731800003,-2.72391398
16,1750337688199.0,14249.72786451,12165.79123191,2041.6698382199993,-1.01656169
17,1750337688199.0,14249.81193009,12160.62008732,2041.7539037999995,-1.00666903
18,1750337689752.0,14249.85894659,12160.66021202,2041.8009203000001,-1.00667235
19,1750337689752.0,14249.81706443,12155.38151782,2041.7590381400005,-0.99677067
20,1750337691445.0,14249.82988707,12155.39247705,2041.7718607799998,-0.99677156
21,1750337691445.0,14249.79683823,12150.12131021,2041.7388119400002,-0.98687047
22,1750337693239.0,14249.86536793,12150.18172405,2041.8073416400002,-1.0268823
23,1750337693239.0,14249.82348551,12144.90300148,2041.7654592199997,-1.01708055
24,1750337694764.0,14249.82519519,12144.9024529,2041.7671689,-0.97697357
25,1750337694764.0,14249.79285842,12139.63185705,2041.7348321299996,-0.96707246
26,1750337696957.0,14249.91666708,12139.54631148,2041.8586407900002,2.85263224
27,1750337696957.0,14249.87478426,12134.26705868,2041.8167579700003,2.87203588
28,1750337698455.0,14249.48711756,12133.93695654,2041.4290912699998,2.87195774
29,1750337698455.0,14249.50151221,12128.70572846,2041.4434859199991,2.89137225
30,1750337700086.0,14249.48555537,12128.63154525,2041.4275290799997,4.10356579
31,1750337700086.0,14249.44367358,12123.35227113,2041.3856472900006,4.12596944
32,1750337701646.0,14249.42486736,12123.33627035,2041.3668410699993,4.125964
33,1750337701646.0,14249.52118238,12118.17451224,2041.4631560899998,4.14840783
34,1750337703209.0,14249.57190202,12118.21967786,2041.5138757299992,4.10781551
35,1750337703209.0,14249.49269246,12112.90659972,2041.4346661700001,4.17081557
36,1750337705040.0,14249.50266539,12112.91505629,2041.4446391000001,4.17081849
37,1750337705040.0,14249.46078317,12107.63572919,2041.4027568799993,4.19322233
38,1750337707440.0,14249.46306269,12107.63766615,2041.4050363999995,4.193223
39,1750337707440.0,14249.34011525,12102.28950667,2041.2820889599989,4.21560289
40,1750337708878.0,14249.34040019,12102.28974869,2041.2823738999996,4.21560297
41,1750337708878.0,14249.29851824,12096.96954398,2041.2404919500004,4.23810674
42,1750337710649.0,14249.29381676,12096.9655525,2041.2357904700002,4.23810534
43,1750337710649.0,14249.15263407,12091.60404403,2041.09460778,4.21947282
44,1750337713144.0,14249.14665038,12092.0474504,2041.08862409,-3.92645274
45,1750337713144.0,14249.10476872,12086.76918936,2041.0467424300004,-3.92396898
46,1750337714646.0,14248.69844891,12086.42453881,2040.6404226199993,-3.92385708
47,1750337714646.0,14249.22344844,12081.62446081,2041.1654221499994,-3.86935679
48,1750337718095.0,14249.25365165,12081.65020514,2041.1956253600001,-3.87205893
49,1750337718095.0,14249.18313349,12076.34760731,2041.1251071999995,-3.86754721
50,1750337719795.0,14249.18313349,12076.34760731,2041.1251071999995,-3.86754721
51,1750337719795.0,14249.22203021,12071.13697118,2041.1640039199992,-3.85054641
52,1750337725096.0,14249.17501606,12071.06345547,2041.1169897700001,-4.006915
53,1750337725096.0,14249.13313382,12065.82663991,2041.0751075299995,-4.00464913
54,1750337728036.0,14249.03796606,12065.74633082,2040.979939769999,-4.00977802
55,1750337728036.0,14248.9960841,12060.46804402,2040.938057809999,-4.00752455
56,1750337729498.0,14248.99665397,12060.46852638,2040.9386276799996,-4.00752471
57,1750337729498.0,14248.94921583,12055.19391182,2040.8911895399997,-4.17314117
58,1750337731967.0,14248.94380213,12055.18944423,2040.885775839999,-4.17495728
59,1750337731967.0,14248.9019202,12049.91118157,2040.8438939099997,-4.17310977
60,1750337733408.0,14248.90120788,12049.91056549,2040.8431815900003,-4.17283626
61,1750337733408.0,14248.95406519,12044.71236755,2040.8960389000003,-4.17101585
62,1750337739366.0,14248.95121589,12044.74510554,2040.8931895999995,-4.87380644
63,1750337739366.0,14248.90919123,12039.46683185,2040.8511649399989,-4.87482151
64,1750337742398.0,14248.90548715,12039.44421495,2040.847460859999,-4.97159821
65,1750337742398.0,14248.83952851,12034.14736573,2040.7815022199993,-4.96981256
66,1750337743841.0,14248.83952851,12034.14736573,2040.7815022199993,-4.96981256
67,1750337743841.0,14248.79750393,12028.86751563,2040.7394776399997,-4.97142952
68,1750337745458.0,14248.79650669,12028.78775411,2040.7384803999994,-5.05448002
69,1750337745458.0,14248.75319994,12022.85716408,2040.6951736499996,-5.73997802
70,1750337747026.0,14248.6534756,12022.71959234,2040.5954493099998,-5.79617309
71,1750337747026.0,14248.61159378,12017.43953439,2040.5535674900002,-5.79817537
72,1750337750374.0,14248.45659411,12017.4266952,2040.3985678200006,-5.67401193
73,1750337750374.0,14248.40787455,12011.56293966,2040.349848259999,-6.28442824
74,1750337751950.0,14248.40531023,12011.69918709,2040.3472839400001,-6.13873161
75,1750337751950.0,14248.3634289,12006.41843495,2040.3054026099999,-6.14152874
76,1750337758562.0,14248.06639543,12005.35358679,2040.0083691399996,-6.99882326
77,1750337758562.0,14248.0236602,12000.07033957,2039.9656339100002,-7.00362793
78,1750337760211.0,14248.02394513,12000.06439141,2039.96591884,-7.01014197
79,1750337760211.0,14247.98206467,11994.78182753,2039.9240383800006,-7.01496229
80,1750337761913.0,14247.98192221,11994.0348123,2039.9238959199993,-7.80117607
81,1750337761913.0,14247.94004175,11988.75050744,2039.8820154599998,-7.80782906
82,1750337763687.0,14247.94046913,11988.7499564,2039.8824428400003,-7.8087642
83,1750337763687.0,14247.89816129,11982.95014479,2039.8401350000004,-8.3577065
84,1750337768140.0,14247.95158395,11982.38036557,2039.8935576599997,-9.00478524
85,1750337768140.0,14247.90970542,11975.50579792,2039.851679129999,-9.00899921
86,1750337769539.0,14247.91269708,11975.50807767,2039.8546707900005,-9.00430481
87,1750337769539.0,14247.87053362,11971.82362081,2039.8125073299998,-9.00850771
88,1750337772073.0,14247.87110346,11971.20271286,2039.8130771699998,-9.66260631
89,1750337772073.0,14247.82922784,11965.23797441,2039.7712015500001,-9.66101902
90,1750337776531.0,14247.87467232,11965.01567957,2039.81664603,-9.66010625
91,1750337776531.0,14247.83536083,11960.02338185,2039.77733454,-10.1105946
92,1750337778005.0,14247.83792509,11960.02553443,2039.7798987999995,-10.11059643
93,1750337778005.0,14247.79604932,11954.74811277,2039.7380230300005,-10.11004625
94,1750337781473.0,14247.79661916,11954.74874173,2039.7385928700005,-10.11260614
95,1750337781473.0,14247.75460094,11949.46297527,2039.696574649999,-10.37108327
96,1750337782898.0,14247.75517077,11949.22232578,2039.6971444800001,-10.37013355
97,1750337782898.0,14247.7128677,11944.11967955,2039.6548414099998,-10.37512191
98,1750337786507.0,14247.61756364,11944.03935837,2039.55953735,-10.3670532
99,1750337786507.0,14247.52483106,11938.54001497,2039.4668047699997,-10.62977252
100,1750337788149.0,14247.52012997,11938.53607561,2039.46210368,-10.629769
101,1750337788149.0,14247.47825465,11933.25813051,2039.4202283599989,-10.6304076
102,1750337792441.0,14247.48081887,11932.99973993,2039.4227925800005,-10.90466332
103,1750337792441.0,14247.53125515,11927.79836341,2039.473228859999,-10.9060959
104,1750337795882.0,14247.54079971,11927.80881363,2039.482773419999,-10.90351437
105,1750337795882.0,14247.49892405,11922.53014319,2039.4408977599996,-10.90487044
106,1750337798045.0,14247.50006369,11922.0086524,2039.4420374000001,-11.45484302
107,1750337798045.0,14247.4581879,11916.72849936,2039.4001616099995,-11.45774342
108,1750337799469.0,14247.44251781,11916.67327885,2039.3844915199988,-11.50203674
109,1750337799469.0,14247.40078452,11911.43534085,2039.3427582299992,-11.46063133
110,1750337808167.0,14247.32628057,11911.37304993,2039.2682542799994,-11.4605714
111,1750337808167.0,14247.28440505,11906.05065022,2039.2263787600004,-11.5079775
112,1750337809744.0,14247.28440505,11906.05065022,2039.2263787600004,-11.5079775
113,1750337809744.0,14247.24210216,11900.81245349,2039.18407587,-11.4663718
114,1750337815751.0,14247.33241808,11900.88792127,2039.2743917899988,-11.46644448
115,1750337815751.0,14247.20450056,11895.32437602,2039.146474269999,-11.69200425
116,1750337820266.0,14247.10150652,11895.28082682,2039.0434802300006,-11.6472143
117,1750337820266.0,14247.0577797,11889.3989241,2038.9997534100003,-12.28202976
118,1750337822556.0,14247.05578535,11889.38062742,2038.9977590599992,-12.29956059
119,1750337822556.0,14247.0119161,11884.01594377,2038.95388981,-12.38980627
120,1750337823969.0,14246.91504814,11884.03687991,2038.857021849999,-12.28260052
121,1750337823969.0,14246.87317337,11878.75552121,2038.8151470800003,-12.28690502
122,1750337827526.0,14246.85052343,11878.73452122,2038.7924971399989,-12.28913575
123,1750337827526.0,14246.82830711,11873.47113395,2038.7702808199992,-12.29179527
124,1750337829144.0,14246.93528859,11873.54677459,2038.8772623000004,-12.30612193
125,1750337829144.0,14246.89341351,11868.26534619,2038.8353872200005,-12.31045931
126,1750337830850.0,14246.86292887,11868.24023025,2038.8049025799992,-12.31013816
127,1750337830850.0,14246.82105388,11862.95881375,2038.7630275899992,-12.31447489
128,1750337832547.0,14246.82717928,11863.07336125,2038.7691529900003,-12.19924682
129,1750337832547.0,14246.78316766,11857.79052443,2038.7251413699996,-12.20322343
130,1750337841735.0,14246.84712807,11858.33952545,2038.7891017799993,-11.68141612
131,1750337841735.0,14246.80297382,11853.19391032,2038.74494753,-11.54082424
132,1750337847162.0,14246.9465638,11854.22470284,2038.8885375099999,-9.57568383
133,1750337847162.0,14246.90468834,11848.94724377,2038.8466620500003,-9.57358354
134,1750337848646.0,14246.91095614,11848.95248069,2038.8529298499998,-9.57358776
135,1750337848646.0,14246.8766305,11843.68127199,2038.8186042100006,-9.57149254
136,1750337850196.0,14246.87962194,11843.68375892,2038.821595649999,-9.57149455
137,1750337850196.0,14246.83774643,11838.4062936,2038.779720139999,-9.56939428
138,1750337852045.0,14246.83931337,11838.40761967,2038.781287079999,-9.56939533
139,1750337852045.0,14246.79743775,11833.2675723,2038.7394114599992,-9.56759511
140,1750337853972.0,14246.79743775,11832.96223493,2038.7394114599992,-3.4620689
141,1750337853972.0,14247.20883254,11828.06040098,2039.1508062499997,-3.44707653
142,1750337855959.0,14247.05427616,11827.97808994,2038.9962498700006,-3.44703913
143,1750337855959.0,14247.01239962,11822.69984803,2038.9543733299997,-3.43203679
144,1750337857452.0,14247.05456419,11822.73483918,2038.9965379000005,-3.43204696
145,1750337857452.0,14247.10926689,11817.53667033,2039.0512405999998,-3.41706775
146,1750337858888.0,14247.08818467,11818.16608546,2039.0301583799992,-0.6446065
147,1750337858888.0,14247.0463071,11812.8874992,2038.9882808099992,-0.62530331
148,1750337860452.0,14247.09288728,11812.80569828,2039.0348609899993,1.78269873
149,1750337860452.0,14247.17536545,11807.629877,2039.1173391600005,1.80721861
150,1750337861886.0,14246.74517672,11807.27567996,2038.6871504299997,1.76075724
151,1750337861886.0,14246.69575026,11801.98835442,2038.6377239699996,1.83166666
152,1750337865450.0,14246.67253153,11802.01565024,2038.6145052399988,1.83166368
153,1750337865450.0,14246.63051233,11796.73676895,2038.5724860400005,1.85606716
154,1750337866882.0,14246.70344456,11796.79716204,2038.64541827,1.85607667
155,1750337866882.0,14246.66156755,11791.565003,2038.6035412599995,1.88038027
156,1750337869365.0,14246.66413156,11791.56712525,2038.6061052700006,1.88038062
157,1750337869365.0,14246.70102659,11786.35352945,2038.6430003000005,1.90469478
158,1750337870926.0,14246.71769265,11788.00791461,2038.6596663599994,1.85788969
159,1750337870926.0,14246.67581218,11784.7886358,2038.6177858899991,1.87419224
160,1750337872687.0,14246.68008552,11787.18209932,2038.6220592299996,1.92110013
161,1750337872687.0,14246.61469974,11781.88620321,2038.556673449999,1.88539145
162,1750337874208.0,14246.61640907,11781.88526602,2038.55838278,1.93239896
163,1750337874208.0,14246.57267486,11776.6049096,2038.5146485699988,1.94370047
164,1750337875836.0,14246.57267486,11779.99663469,2038.5146485699988,1.94370047
165,1750337875836.0,14246.53007732,11774.71726749,2038.4720510299994,1.94780102
166,1750337877296.0,14246.52964999,11774.62720247,2038.4716236999993,3.74167854
167,1750337877296.0,14246.52394447,11770.18062594,2038.4659181799998,3.747889
168,1750337879246.0,14246.49574079,11770.15732367,2038.4377144999999,3.74788158
169,1750337879246.0,14246.45527919,11764.8794787,2038.3972529000002,3.7540829
170,1750337881322.0,14246.45527919,11765.06913299,2038.3972529000002,3.7540829
171,1750337881322.0,14246.41282247,11760.69040466,2038.3547961799995,3.75798336
172,1750337882919.0,14246.41310736,11760.73815673,2038.3550810699999,2.8078358
173,1750337882919.0,14246.37122041,11755.45925896,2038.313194119999,2.8097361
174,1750337884665.0,14246.38104888,11755.46975015,2038.3230225900006,2.76213061
175,1750337884665.0,14246.21025265,11750.12269983,2038.15222636,2.00059367
176,1750337886195.0,14246.21082242,11750.12316978,2038.1527961299998,2.00059374
177,1750337886195.0,14246.16893582,11744.89220797,2038.1109095299998,2.00079377
178,1750337888817.0,14246.15554639,11744.88355975,2038.0975201,1.9529849
179,1750337888817.0,14246.11365979,11739.60480083,2038.0556335,1.9529849
180,1750337890233.0,14246.11280514,11739.6017007,2038.054778849999,2.00089179
181,1750337890233.0,14246.07091855,11734.32293706,2038.0128922599997,2.00099178
182,1750337892012.0,14245.9961376,11734.23251881,2037.938111309999,3.53719759
183,1750337892012.0,14246.13942252,11729.10367845,2038.0813962299999,3.58855147
184,1750337894118.0,14246.13472202,11729.09978309,2038.0766957300002,3.58855028
185,1750337894118.0,14246.09283508,11723.82081517,2038.0348087900002,3.59185078
186,1750337895619.0,14246.12061069,11723.84369933,2038.0625844000006,3.59185779
187,1750337895619.0,14246.05792763,11718.54761403,2037.9999013399993,3.59515308
188,1750337897046.0,14246.0596369,11718.55141067,2038.0016106099993,3.54684607
189,1750337897046.0,14246.01774993,11713.27244457,2037.9597236400004,3.55004658
190,1750337898703.0,14246.01789237,11713.27016617,2037.9598660800002,3.59845408
191,1750337898703.0,14245.97529322,11707.97051329,2037.9172669300006,4.0036028
192,1750337900259.0,14245.97429615,11707.9672838,2037.9162698599994,4.05179364
193,1750337900259.0,14245.96545467,11702.60913115,2037.90742838,6.18126567
194,1750337901771.0,14245.96545467,11702.54777948,2037.90742838,7.40805362
195,1750337901771.0,14245.59923863,11698.57344727,2037.5412123400001,8.13798626
196,1750337905877.0,14245.87371467,11698.79642264,2037.8156883800002,8.1868505
197,1750337905877.0,14245.83182644,11693.51698687,2037.7738001500002,8.19625192
198,1750337907360.0,14245.8195769,11693.50248931,2037.7615506099992,8.28507215
199,1750337907360.0,14245.89049812,11688.31671034,2037.8324718299991,8.27271276
200,1750337911538.0,14245.89676531,11688.321827,2037.8387390200005,8.2727164
201,1750337911538.0,14245.83009295,11683.02359267,2037.7720666599998,8.2512786
202,1750337913060.0,14245.83052026,11683.02443862,2037.7724939700001,8.24137075
203,1750337913060.0,14245.78863178,11677.74496966,2037.73060549,8.25082587
204,1750337914704.0,14245.78692256,11677.74355247,2037.7288962700004,8.25114516
205,1750337914704.0,14245.74403705,11672.46324134,2037.6860107600005,8.26060032
206,1750337916343.0,14245.74346731,11673.98806526,2037.6854410199994,8.2641301
207,1750337916343.0,14245.70285951,11668.72573144,2037.6448332199998,7.94884735
208,1750337917794.0,14245.70285951,11668.72573144,2037.6448332199998,7.94884735
209,1750337917794.0,14245.68746196,11664.15858047,2037.62943567,7.94747926
210,1750337920504.0,14245.69059551,11664.15137016,2037.632569219999,8.14296456
211,1750337920504.0,14245.64970234,11658.67508657,2037.5916760500004,8.14805916
212,1750337922845.0,14245.64998721,11658.70024745,2037.591960919999,7.64960439
213,1750337922845.0,14245.608097,11653.42063531,2037.55007071,7.65757382
214,1750337925877.0,14245.60795456,11653.36963264,2037.5499282700002,7.68313264
215,1750337925877.0,14245.56606436,11648.13981971,2037.50803807,7.68727907
216,1750337927408.0,14245.56563706,11649.96130113,2037.5076107700006,7.4357551
217,1750337927408.0,14245.45780067,11642.81872728,2037.3997743799991,7.43936102
218,1750337929603.0,14245.45851283,11642.81906468,2037.4004865400002,7.44477528
219,1750337929603.0,14245.41234986,11637.53595888,2037.35432357,7.45276408
220,1750337931316.0,14245.40992851,11637.683704,2037.3519022199998,7.45276282
221,1750337931316.0,14245.36789609,11632.26732098,2037.3098697999994,7.20046978
222,1750337933013.0,14245.36732636,11632.21720237,2037.3093000699992,7.19285962
223,1750337933013.0,14245.32543637,11626.98786695,2037.2674100799995,7.19599238
224,1750337934903.0,14245.32415449,11626.98646554,2037.266128199999,7.20361683
225,1750337934903.0,14245.2822645,11621.70712212,2037.2242382099994,7.20676483
226,1750337936511.0,14245.28297665,11621.70770315,2037.2249503599996,7.20676519
227,1750337936511.0,14245.24094423,11616.42842381,2037.1829179399992,7.20630405
228,1750337938236.0,14245.24108666,11616.39110458,2037.18306037,6.94890672
229,1750337938236.0,14245.29348523,11611.23893566,2037.2354589400002,6.95191055
230,1750337940209.0,14245.26685085,11611.21722518,2037.208824559999,6.95189755
231,1750337940209.0,14245.23151241,11605.94322047,2037.1734861200002,6.9545305
232,1750337941671.0,14245.23151241,11605.94673478,2037.1734861200002,6.88425834
233,1750337941671.0,14245.14062662,11600.62734624,2037.082600329999,6.88969573
234,1750337943289.0,14245.13649618,11600.6451981,2037.0784698900006,6.46546487
235,1750337943289.0,14245.09275456,11595.36438735,2037.0347282700004,6.46712208
236,1750337944726.0,14245.09275456,11595.3136794,2037.0347282700004,6.46712208
237,1750337944726.0,14244.93108241,11589.82686027,2036.873056119999,5.41281259
238,1750337947430.0,14244.81130032,11589.7269865,2036.7532740299994,5.41022671
239,1750337947430.0,14244.62798021,11583.8933443,2036.5699539199995,4.94752093
240,1750337948978.0,14244.60362507,11583.8735375,2036.5455987799996,4.94751246
241,1750337948978.0,14244.56173621,11578.59322741,2036.50370992,4.94617884
242,1750337951514.0,14244.29682137,11578.56403965,2036.2387950800003,5.14201488
243,1750337951514.0,14244.30449774,11573.3241383,2036.2464714500002,5.1407833
244,1750337952967.0,14244.31817072,11573.26212422,2036.2601444299999,5.06378693
245,1750337952967.0,14244.27628198,11567.98091008,2036.2182556899988,5.06148665
246,1750337958432.0,14244.3897959,11567.80380589,2036.3317696100003,4.77805584
247,1750337958432.0,14244.34676741,11562.52109882,2036.288741119999,4.77520155
248,1750337961899.0,14244.34690984,11559.7212372,2036.2888835499998,4.88751769
249,1750337961899.0,14244.30473943,11554.20156665,2036.246713139999,4.57320467
250,1750337966487.0,14244.30416973,11554.20074229,2036.2461434399993,4.57990965
251,1750337966487.0,14244.26370843,11548.92324352,2036.2056821400001,4.58098693
252,1750337968912.0,14244.26456299,11548.95083759,2036.2065366999996,4.04253182
253,1750337968912.0,14244.25515029,11543.69848773,2036.1971240000003,4.04334026
254,1750337971181.0,14244.27152914,11543.66015546,2036.2135028499997,4.04334491
255,1750337971181.0,14244.16711913,11538.38202721,2036.109092839999,4.0526548
256,1750337972982.0,14244.16996762,11538.33264531,2036.1119413300003,4.0523184
257,1750337972982.0,14244.03935271,11532.07893354,2035.9813264200002,3.50502938
258,1750337976681.0,14244.03935271,11532.13073951,2035.9813264200002,3.50502938
259,1750337976681.0,14244.32333332,11527.15227689,2036.2653070300003,1.74300497
260,1750337979477.0,14244.33130904,11526.77443027,2036.2732827500004,1.12400323
261,1750337979477.0,14244.30637224,11521.51016312,2036.24834595,1.11197377
262,1750337981545.0,14244.36804147,11521.56001942,2036.310015179999,1.11197858
263,1750337981545.0,14244.32273793,11516.28350151,2036.2647116400003,1.01493745
264,1750337984788.0,14244.26035678,11516.15806645,2036.2023304899994,2.51515038
265,1750337984788.0,14244.33454577,11510.6624432,2036.2765194799995,2.46716379
266,1750337986417.0,14244.35505458,11510.98962536,2036.2970282900005,2.51937513
267,1750337986417.0,14244.24409437,11505.65498475,2036.18606808,2.52356352
268,1750337988037.0,14244.30761453,11505.70629501,2036.2495882399999,2.52357478
269,1750337988037.0,14244.26572895,11500.42745348,2036.20770266,2.52777543
270,1750337989518.0,14244.30831297,11500.4644572,2036.2502866800005,2.47537503
271,1750337989518.0,14244.24264295,11495.16378401,2036.184616659999,2.53197939
272,1750337991184.0,14244.24890948,11495.16884136,2036.19088319,2.5319805
273,1750337991184.0,14244.20702383,11489.88999053,2036.14899754,2.53618113
274,1750337992637.0,14244.11929271,11489.81922007,2036.0612664199998,2.53616552
275,1750337992637.0,14244.07698006,11484.54269315,2036.018953769999,2.48765844
276,1750337994230.0,14244.07242261,11484.53901845,2036.014396319999,2.48765765
277,1750337994230.0,14244.03053723,11479.260207,2035.9725109400006,2.49175826
278,1750337995674.0,14244.02555254,11479.25357637,2035.9675262500004,2.54456497
279,1750337995674.0,14243.99719701,11473.98563334,2035.9391707199993,2.548768
280,1750337997236.0,14244.02325976,11474.00930232,2035.9652334700004,2.49586491
281,1750337997236.0,14244.00814904,11468.75200942,2035.9501227500004,2.4999702
282,1750337998683.0,14244.00814904,11468.75200942,2035.9501227500004,2.4999702
283,1750337998683.0,14243.96911185,11463.54451087,2035.9110855599993,0.28470047
284,1750338002229.0,14243.88750603,11463.20717648,2035.8294797399994,0.18385216
285,1750338002229.0,14243.8185613,11458.0754717,2035.7605350100002,0.17628012
286,1750338004007.0,14243.81329183,11457.95544653,2035.7552655399995,0.18055978
287,1750338004007.0,14243.77083711,11452.68241944,2035.7128108199995,0.060708
288,1750338006059.0,14243.77026744,11452.68196137,2035.7122411500004,0.06070799
289,1750338006059.0,14243.7283824,11447.40339898,2035.6703561100003,0.06070797
290,1750338007791.0,14243.72795515,11447.33627219,2035.6699288599993,2.46404533
291,1750338007791.0,14243.88417193,11442.21930529,2035.8261456399996,2.41497202
292,1750338009383.0,14243.89414111,11442.227314,2035.8361148200001,2.41497371
293,1750338009383.0,14243.86293665,11436.87660276,2035.8049103600006,4.02752663
294,1750338011021.0,14243.93827495,11437.09789522,2035.8802486599998,4.02754794
295,1750338011021.0,14243.8963889,11431.81885369,2035.8383626100003,4.03454904
296,1750338013007.0,14243.87474166,11431.80147927,2035.8167153699997,4.03454291
297,1750338013007.0,14243.83285567,11426.52244579,2035.7748293799996,4.04154404
298,1750338015123.0,14243.799388,11426.49562459,2035.7413617099992,4.04153454
299,1750338015123.0,14243.75750211,11421.21660356,2035.6994758199999,4.04853564
300,1750338016535.0,14243.72702526,11421.19216479,2035.668998969999,4.04852698
301,1750338016535.0,14243.68314565,11415.91155698,2035.62511936,4.05552748
302,1750338018088.0,14243.6817215,11416.77184828,2035.623695209999,4.10953544
303,1750338018088.0,14243.63983506,11411.49283414,2035.581808769999,4.11503627
304,1750338019619.0,14243.77897388,11411.17144148,2035.72094759,4.11507647
305,1750338019619.0,14243.73651738,11406.32479081,2035.6784910900005,4.12057719
306,1750338021244.0,14243.67171904,11406.27558059,2035.6136927499992,4.06634978
307,1750338021244.0,14243.53583946,11400.9213342,2035.4778131700004,4.07172376
308,1750338025568.0,14243.53612428,11400.9215622,2035.4780979900006,4.07172385
309,1750338025568.0,14243.48868331,11396.28981586,2035.4306570200006,4.07592292
310,1750338027719.0,14243.59762933,11396.37698849,2035.5396030399988,4.0759541
311,1750338027719.0,14243.57781613,11391.11560221,2035.5197898400002,4.08016109
312,1750338029086.0,14243.54662775,11391.09062994,2035.4886014599997,4.08015216
313,1750338029086.0,14243.50474061,11385.81159271,2035.44671432,4.08435281
314,1750338030817.0,14243.49633828,11385.80217343,2035.4383119899994,4.13895911
315,1750338030817.0,14243.4403524,11380.51186887,2035.3823261100006,4.14325567
316,1750338032228.0,14243.42226609,11380.49741719,2035.3642397999993,4.14325041
317,1750338032228.0,14243.38037907,11375.21839007,2035.32235278,4.14755109
318,1750338033973.0,14243.37724602,11375.21862877,2035.3192197299995,4.09274157
319,1750338033973.0,14243.33535897,11369.99441636,2035.2773326799997,4.09684219
320,1750338035446.0,14243.33379244,11369.99316579,2035.27576615,4.09684175
321,1750338035446.0,14243.27567059,11364.70119097,2035.217644299999,4.10093771
322,1750338037315.0,14243.27595541,11364.69866726,2035.217929119999,4.15594635
323,1750338037315.0,14243.23307154,11359.42160867,2035.17504525,4.10503814
324,1750338039045.0,14243.23221708,11359.4181712,2035.1741907899996,4.16014646
325,1750338039045.0,14243.18990285,11354.14157279,2035.131876559999,4.10913842
326,1750338040932.0,14243.18976044,11354.14145925,2035.1317341499998,4.10913838
327,1750338040932.0,14243.26094646,11348.94978021,2035.2029201699988,4.1685807
328,1750338042859.0,14243.26108886,11348.82542344,2035.203062569999,6.6574876
329,1750338042859.0,14243.2250403,11343.55078812,2035.1670140099995,6.66619173
330,1750338045156.0,14243.1259237,11343.4718459,2035.0678974099992,6.66614534
331,1750338045156.0,14242.89648467,11338.04328659,2034.8384583799998,6.67475878
332,1750338047043.0,14242.90688049,11338.05156258,2034.8488541999996,6.67476365
333,1750338047043.0,14242.84861703,11332.75934568,2034.79059074,6.68345721
334,1750338048990.0,14242.84021495,11332.74987902,2034.7821886599995,6.73906121
335,1750338048990.0,14242.79832849,11327.47069778,2034.7403021999999,6.74786247
336,1750338050664.0,14242.74193506,11329.76835574,2034.683908769999,6.69212802
337,1750338050664.0,14242.69876542,11324.48538866,2034.64073913,6.75243579
338,1750338052521.0,14242.8025803,11324.56793697,2034.7445540099998,6.75248501
339,1750338052521.0,14242.7436032,11319.27515506,2034.6855769100002,6.75707755
340,1750338054225.0,14242.76482182,11319.29201921,2034.706795529999,6.75708761
341,1750338054225.0,14242.7890101,11314.06811073,2034.730983809999,6.70571122
342,1750338059938.0,14242.75753829,11314.04030814,2034.6995119999992,6.76170473
343,1750338059938.0,14242.71422401,11309.82422489,2034.65619772,6.70559574
344,1750338064688.0,14242.77161362,11309.90743747,2034.7135873299994,5.95300565
345,1750338064688.0,14242.66051517,11304.62944697,2034.6024888800002,5.95413554
346,1750338066426.0,14242.64114802,11304.61407414,2034.5831217300001,5.95412744
347,1750338066426.0,14242.58359437,11297.73544254,2034.52556808,3.59790501
348,1750338076219.0,14242.83963881,11292.01601973,2034.7816125200006,-2.6363456
349,1750338076219.0,14242.80572368,11286.72978093,2034.7476973899993,-2.65044885
350,1750338082080.0,14242.82509073,11287.87021141,2034.7670644400005,-1.4661429
351,1750338082080.0,14242.80214063,11282.54095818,2034.7441143399992,-1.53465624
352,1750338086498.0,14242.82891264,11282.56216693,2034.7708863499993,-1.53465913
353,1750338086498.0,14242.78830423,11277.2723661,2034.7302779399997,-1.54686131
354,1750338092321.0,14242.8056775,11277.33990133,2034.7476512100002,-1.49025359
355,1750338092321.0,14242.76506903,11272.05021769,2034.7070427399995,-1.50235576
356,1750338093765.0,14242.76506903,11272.05021769,2034.7070427399995,-1.50235576
357,1750338093765.0,14242.69640716,11267.97964528,2034.6383808699993,-0.20783555
358,1750338097280.0,14242.55670977,11270.45958147,2034.4986834800002,2.51899766
359,1750338097280.0,14242.54273107,11265.25183137,2034.4847047799994,2.57091093
360,1750338098818.0,14242.54273107,11265.25183137,2034.4847047799994,2.57091093
361,1750338098818.0,14242.50212346,11259.91608125,2034.4440971700005,2.51020144
362,1750338104112.0,14242.67485734,11260.0526494,2034.6168310499997,2.51023189
363,1750338104112.0,14242.63296736,11254.7692842,2034.574941069999,2.50583112
364,1750338105604.0,14242.63339457,11254.7696218,2034.5753682800005,2.50583119
365,1750338105604.0,14242.59250144,11249.54149266,2034.5344751499997,2.55874047
366,1750338108212.0,14242.59307105,11249.54194259,2034.5350447599994,2.55874057
367,1750338108212.0,14242.5511811,11244.25877175,2034.4931548099994,2.55453987
368,1750338110784.0,14242.5508963,11244.20410307,2034.492870009999,2.49722993
369,1750338110784.0,14242.50929148,11238.92183245,2034.4512651900004,2.49372937
370,1750338121148.0,14242.3278732,11238.77869567,2034.2698469099996,2.4936976
371,1750338121148.0,14242.28342091,11233.4942456,2034.2253946199999,2.49019658
372,1750338123046.0,14242.29509772,11233.448853,2034.2370714299996,2.4326894
373,1750338123046.0,14242.2532086,11228.16635646,2034.195182309999,2.42908882
374,1750338130810.0,14242.27043896,11228.23466936,2034.21241267,2.48670107
375,1750338130810.0,14242.22983135,11222.95317134,2034.1718050599993,2.4831007
376,1750338134258.0,14242.22926175,11222.95272247,2034.1712354600004,2.4831006
377,1750338134258.0,14242.18779954,11217.67005043,2034.1297732499988,2.47899999
378,1750338137748.0,14242.10848338,11217.55265675,2034.0504570899993,2.42117716
379,1750338137748.0,14242.06645176,11212.32438329,2034.0084254699996,2.47478548
380,1750338139830.0,14242.0627494,11212.32146839,2034.0047231099998,2.47478484
381,1750338139830.0,14242.09576163,11207.09753364,2034.03773534,2.47079721
382,1750338141287.0,14242.09476485,11207.04164094,2034.0367385600002,2.41278769
383,1750338141287.0,14242.05728983,11201.76211291,2033.9992635399994,2.40868777
384,1750338144054.0,14242.06156176,11200.94903557,2034.0035354699994,2.46679788
385,1750338144054.0,14242.01967459,11195.67012998,2033.961648299999,2.46829809
386,1750338146104.0,14242.02038657,11195.6706897,2033.9623602800002,2.46829822
387,1750338146104.0,14241.9784994,11190.39178387,2033.9204731099999,2.46979845
388,1750338148092.0,14241.97095238,11190.3858536,2033.912926089999,2.46979713
389,1750338148092.0,14241.92906523,11185.10695056,2033.8710389400003,2.47129737
390,1750338149633.0,14241.92835325,11185.10639137,2033.8703269599991,2.47129724
391,1750338149633.0,14241.88561172,11179.82678723,2033.827585429999,2.47279731
392,1750338151552.0,14241.88518454,11179.82648249,2033.8271582500001,2.47279723
393,1750338151552.0,14241.843155,11174.5474685,2033.7851287100002,2.47429747
394,1750338153139.0,14241.84386697,11174.54799649,2033.7858406800005,2.4742976
395,1750338153139.0,14241.80197983,11169.26912466,2033.743953539999,2.47579783
396,1750338154874.0,14241.80254941,11169.26667788,2033.74452312,2.53365652
397,1750338154874.0,14241.76065983,11164.92176603,2033.7026335400005,2.52915432
398,1750338157215.0,14241.76137181,11164.92560346,2033.7033455199999,2.5326063
399,1750338157215.0,14241.7194837,11159.6458986,2033.6614574100004,2.5318106
400,1750338158728.0,14241.70225399,11159.63239687,2033.6442277000006,2.53180755
401,1750338158728.0,14241.66107827,11154.29239119,2033.6030519800006,2.53486258
402,1750338161273.0,14241.65922715,11154.29417033,2033.6012008599992,2.47029397
403,1750338161273.0,14241.61705467,11149.01501965,2033.5590283799993,2.47029389
404,1750338164296.0,14241.61591552,11149.01415876,2033.55788923,2.4702937
405,1750338164296.0,14241.57402783,11143.7259999,2033.5160015399997,2.46054346
406,1750338166236.0,14241.57388543,11144.1110761,2033.5158591399995,7.97677311
407,1750338166236.0,14241.53313645,11138.77031791,2033.4751101599995,9.23047406
408,1750338167742.0,14241.53313645,11138.77031791,2033.4751101599995,9.23047406
409,1750338167742.0,14241.71964533,11133.23563028,2033.66161904,17.91484893
410,1750338169761.0,14241.38715965,11132.78852444,2033.329133359999,21.65720138
411,1750338169761.0,14241.77842749,11127.8435404,2033.7204012000002,21.74857667
412,1750338171568.0,14241.36292839,11127.51887112,2033.3049021000006,21.74794217
413,1750338171568.0,14241.02970788,11121.92737896,2032.9716815899992,23.44782389
414,1750338173098.0,14241.03041983,11121.98459318,2032.9723935399998,23.50743301
415,1750338173098.0,14240.98853277,11116.70407027,2032.9305064799992,23.54153753
416,1750338174641.0,14240.94923288,11116.67335926,2032.8912065900004,23.54147257
417,1750338174641.0,14240.90848506,11111.39373973,2032.850458769999,23.57557889
418,1750338176044.0,14240.90663398,11111.46662568,2032.848607689999,24.48110067
419,1750338176044.0,14240.86474695,11106.18604177,2032.806720659999,24.51651936
420,1750338178163.0,14240.80921483,11107.34679513,2032.75118854,24.39882256
421,1750338178163.0,14240.65839909,11101.98131606,2032.6003727999996,24.43185766
422,1750338179774.0,14240.65839909,11101.98131606,2032.6003727999996,24.43185766
423,1750338179774.0,14240.55941367,11096.65609152,2032.5013873799999,24.46929328
424,1750338181533.0,14240.55044315,11096.7098396,2032.4924168599991,24.4566467
425,1750338181533.0,14240.4837803,11091.41005285,2032.4257540099989,24.48971178
426,1750338182992.0,14240.48050536,11091.40697833,2032.422479069999,24.50017689
427,1750338182992.0,14240.43861826,11086.12649912,2032.380591969999,24.53330189
428,1750338185245.0,14240.43491616,11086.42523592,2032.37688987,24.53159119
429,1750338185245.0,14240.39388164,11083.50032774,2032.3358553500002,24.50147245
430,1750338186854.0,14240.39388164,11083.50032774,2032.3358553500002,24.50147245
431,1750338186854.0,14240.35184547,11085.64977032,2032.2938191800004,24.51779509
432,1750338188790.0,14240.35170309,11085.71512633,2032.2936768,23.20808602
433,1750338188790.0,14240.1682765,11080.3314595,2032.1102502100002,23.08591292
434,1750338190381.0,14240.2457351,11084.57358388,2032.187708809999,23.08603849
435,1750338190381.0,14240.20512019,11079.38809667,2032.1470938999992,22.42813767
436,1750338192999.0,14240.15428814,11079.30950844,2032.0962618499998,23.20800188
437,1750338192999.0,14240.11239189,11074.02917804,2032.054365599999,23.2151242
438,1750338195417.0,14240.34946507,11066.04628562,2032.2914387799992,21.16590658
439,1750338195417.0,14240.01141063,11067.84401746,2031.9533843400004,17.75152755
440,1750338198628.0,14240.41934616,11066.25090249,2032.3613198700004,15.74128306
441,1750338198628.0,14240.36862636,11055.95950562,2032.310600069999,15.74551279
442,1750338205600.0,14240.37859335,11055.9944026,2032.32056706,15.2024655
443,1750338205600.0,14240.33598952,11050.71351206,2032.277963229999,15.22001509
444,1750338207031.0,14240.33556236,11050.74000519,2032.2775360699998,14.68426917
445,1750338207031.0,14240.29367046,11045.46025415,2032.2356441699994,14.69073054
446,1750338212410.0,14240.04321592,11044.28176644,2031.9851896300006,13.56462192
447,1750338212410.0,14239.97569591,11039.53469246,2031.9176696199993,13.53936585
448,1750338215394.0,14239.88229188,11038.90895263,2031.8242655899994,13.57126294
449,1750338215394.0,14239.83470603,11034.15973032,2031.77667974,13.91748624
450,1750338216812.0,14239.83470603,11034.15973032,2031.77667974,13.91748624
451,1750338216812.0,14239.8667125,11028.96726689,2031.808686209999,13.3267227
452,1750338218635.0,14239.95541734,11029.0358603,2031.897391049999,13.3290788
453,1750338218635.0,14239.91737071,11023.19123211,2031.8593444199996,13.60503162
454,1750338220138.0,14239.92691037,11024.58756843,2031.8688840800005,14.16579894
455,1750338220138.0,14239.88501881,11019.30793595,2031.8269925200002,14.17076115
456,1750338222978.0,14239.98568325,11019.40242318,2031.9276569600006,13.83857981
457,1750338222978.0,14239.9437918,11013.50570554,2031.88576551,13.84400364
458,1750338226219.0,14239.95475523,11013.61675946,2031.8967289399989,11.79294348
459,1750338226219.0,14239.80963702,11008.29500087,2031.7516107299998,11.04521371
460,1750338228048.0,14240.11433383,11008.5305327,2032.0563075400005,11.04545004
461,1750338228048.0,14240.07244242,11002.19859486,2032.0144161299995,11.04804402
462,1750338232740.0,14240.09436914,11002.21602904,2032.0363428500004,11.03822054
463,1750338232740.0,14240.05461362,10996.63957103,2031.9965873299989,9.57279099
464,1750338234508.0,14240.05575267,10996.64048321,2031.9977263799992,9.57279175
465,1750338234508.0,14240.01343429,10991.360534,2031.9554079999998,9.57766182
466,1750338237680.0,14239.91533418,10991.28519502,2031.857307889999,9.56988743
467,1750338237680.0,14239.87586409,10985.43254021,2031.8178377999993,8.63375494
468,1750338239666.0,14239.77548618,10985.37209949,2031.71745989,8.45354337
469,1750338239666.0,14239.76563161,10979.67358356,2031.7076053199999,8.45196891
470,1750338242304.0,14239.74982747,10978.10120075,2031.691801179999,8.45195953
471,1750338242304.0,14239.69996517,10972.92362665,2031.6419388800005,7.54748916
472,1750338245147.0,14239.79265401,10971.24969774,2031.7346277199995,7.45010698
473,1750338245147.0,14239.7507647,10967.72075192,2031.69273841,7.45160851
474,1750338246605.0,14239.7500528,10967.7201708,2031.6920265099998,7.45160815
475,1750338246605.0,14239.70916014,10962.44648653,2031.6511338500004,7.35863885
476,1750338248506.0,14239.71442813,10962.48537728,2031.6564018400004,6.66273867
477,1750338248506.0,14239.66314186,10957.19895002,2031.6051155700006,6.66393102
478,1750338250758.0,14239.76964054,10957.21627492,2031.71161425,7.95630451
479,1750338250758.0,14239.73686308,10951.94088318,2031.678836789999,8.02151872
480,1750338252614.0,14239.79153604,10952.67493452,2031.73350975,8.02154951
481,1750338252614.0,14239.76003932,10947.40679311,2031.7020130299989,7.95984651
482,1750338254721.0,14239.76003932,10947.40364202,2031.7020130299989,8.02285559
483,1750338254721.0,14239.72156608,10942.12698061,2031.663539789999,8.02415772
484,1750338256299.0,14239.72227797,10942.13068375,2031.6642516800002,7.961049
485,1750338256299.0,14239.6808148,10936.84856689,2031.6227885099997,8.02545855
486,1750338260240.0,14239.68067243,10936.85161862,2031.6226461400001,7.96224933
487,1750338260240.0,14239.63878214,10931.5723347,2031.58075585,7.96344952
488,1750338261744.0,14239.6236903,10931.5607482,2031.5656640100005,7.96344109
489,1750338261744.0,14239.76930846,10926.48559589,2031.7112821699993,8.02815608
490,1750338265948.0,14239.69925976,10926.43184272,2031.6412334699999,8.02811659
491,1750338265948.0,14239.65736913,10921.15251578,2031.5993428399997,8.02931676
492,1750338267564.0,14239.58034427,10921.09343771,2031.5223179799996,8.02927332
493,1750338267564.0,14239.53389743,10916.50924804,2031.475871139999,8.02937078
494,1750338269015.0,14239.45046594,10916.44528272,2031.3924396500006,8.02932373
495,1750338269015.0,14239.40857535,10911.16601649,2031.35054906,8.02942373
496,1750338270631.0,14239.48132854,10911.28547739,2031.4233022499993,8.02946475
497,1750338270631.0,14239.43530886,10906.00302167,2031.3772825699998,8.0294624
498,1750338272142.0,14239.434597,10905.94185828,2031.3765707099992,7.96565275
499,1750338272142.0,14239.39270617,10900.66247181,2031.3346798799994,7.96555271
500,1750338274292.0,14239.3226585,10900.66955788,2031.264632209999,8.02942247
501,1750338274292.0,14239.27720856,10895.32676094,2031.2191822700006,7.96541153
502,1750338276255.0,14239.27293737,10895.38430044,2031.21491108,8.02941807
503,1750338276255.0,14239.23133152,10890.10528921,2031.1733052300006,8.02941821
504,1750338279431.0,14239.23019254,10890.04348166,2031.1721662500004,7.96530863
505,1750338279431.0,14239.18872906,10884.82544879,2031.1307027700004,8.02941781
506,1750338281054.0,14239.18887144,10884.76455976,2031.130845149999,7.96520893
507,1750338281054.0,14239.14698084,10879.48520231,2031.0889545499995,7.96510893
508,1750338282686.0,14239.14683847,10879.48509352,2031.0888121799999,7.96510885
509,1750338282686.0,14239.10466313,10874.26670653,2031.0466368399993,8.02941766
510,1750338284452.0,14239.10423602,10874.26638034,2031.0462097300006,8.02941742
511,1750338284452.0,14239.06277254,10868.98744424,2031.0047462500006,8.02941766
512,1750338286625.0,14239.06362676,10868.98809633,2031.00560047,8.02941814
513,1750338286625.0,14239.02102431,10863.64691265,2030.9629980199988,7.96480872
514,1750338288729.0,14239.02187853,10863.70894233,2030.96385224,8.02941821
515,1750338288729.0,14238.97941846,10858.42927924,2030.9213921699993,8.02941788
516,1750338290580.0,14238.97956083,10858.42935394,2030.921534539999,8.02941796
517,1750338290580.0,14238.93724312,10853.08823188,2030.8792168300006,7.96460871
518,1750338293364.0,14238.93809734,10853.15041701,2030.88007105,8.02941821
519,1750338293364.0,14238.89606257,10850.31355361,2030.8380362799999,17.50163797
520,1750338294778.0,14238.89606257,10850.31355361,2030.8380362799999,17.50163797
521,1750338294778.0,14239.09747829,10845.21885238,2031.039451999999,17.5120386
522,1750338297139.0,14239.07313324,10845.47665681,2031.0151069499989,11.98615372
523,1750338297139.0,14239.0312402,10840.19700611,2030.9732139099997,11.98775394
524,1750338298614.0,14238.88517034,10839.89372379,2030.8271440499993,11.92252157
525,1750338298614.0,14238.75372834,10833.61322141,2030.6957020499995,9.70684048
526,1750338301928.0,14238.68453756,10833.05301933,2030.6265112700003,9.17248367
527,1750338301928.0,14238.64264541,10827.77097797,2030.5846191199998,9.16976392
528,1750338303445.0,14238.640937,10827.62846436,2030.5829107099999,9.02111454
529,1750338303445.0,14238.56402258,10822.31955201,2030.5059962899995,9.01814493
530,1750338305409.0,14238.53668811,10822.51687488,2030.4786618199996,9.24767328
531,1750338305409.0,14238.52326947,10817.25484879,2030.4652431800005,9.24324406
532,1750338308823.0,14238.51928321,10817.18725351,2030.4612569199999,9.17531195
533,1750338308823.0,14238.47881468,10811.90595799,2030.4207883899999,9.17220987
534,1750338315857.0,14238.5023051,10812.30494525,2030.4442788100005,9.5734385
535,1750338315857.0,14238.46041317,10807.02390658,2030.4023868799995,9.57174725
536,1750338317684.0,14238.41485612,10805.47211439,2030.3568298299997,9.57171662
537,1750338317684.0,14238.22917532,10792.1287033,2030.1711490300004,-0.39909919
538,1750338319221.0,14237.59394113,10790.2848222,2029.5359148400003,-1.83319893
539,1750338319221.0,14239.4029381,10774.19131179,2031.3449118099998,-14.69300326
540,1750338320863.0,14239.11763878,10773.97546178,2031.0596124900003,-14.69270888
541,1750338320863.0,14239.07574466,10768.65917365,2031.0177183699998,-14.73121599
542,1750338324150.0,14238.86917376,10780.28153372,2030.81114747,-2.3323512
543,1750338324150.0,14238.02007663,10776.08086588,2029.9620503400001,-0.55356339
544,1750338327607.0,14237.99630183,10776.12563744,2029.9382755400002,-0.4874551
545,1750338327607.0,14238.30647693,10771.03571195,2030.2484506399996,-0.5685782
546,1750338331490.0,14238.37950949,10771.8457421,2030.3214831999994,0.22593115
547,1750338331490.0,14238.33761797,10766.55325148,2030.2795916800005,0.21212918
548,1750338333748.0,14238.3433125,10770.27416033,2030.285286209999,4.12438367
549,1750338333748.0,14238.30056679,10769.90751276,2030.2425404999994,9.29641605
550,1750338338318.0,14238.23223263,10769.85585595,2030.1742063399997,9.29637143
551,1750338338318.0,14238.14692076,10764.606724,2030.08889447,9.36275194
552,1750338340662.0,14238.17496615,10764.62796363,2030.1169398599995,9.36277039
553,1750338340662.0,14238.13150608,10759.34039199,2030.0734797900004,9.35576842
554,1750338342517.0,14238.13065191,10763.72256484,2030.0726256199996,14.95092657
555,1750338342517.0,14238.20022695,10758.52368966,2030.1422006600005,15.0191534
556,1750338344388.0,14238.32038012,10758.37758122,2030.2623538299995,19.75569945
557,1750338344388.0,14238.40276665,10752.94398075,2030.3447403600003,24.70846728
558,1750338345806.0,14238.40276665,10753.34484513,2030.3447403600003,24.70846728
559,1750338345806.0,14238.68730447,10748.3106405,2030.6292781800003,24.72443655
560,1750338347381.0,14238.3147464,10748.03277173,2030.2567201099992,24.6568791
561,1750338347381.0,14238.27939975,10743.14997979,2030.221373459999,16.81618618
562,1750338349045.0,14238.26943452,10743.14440543,2030.2114082299995,16.77727917
563,1750338349045.0,14238.2275393,10737.86438394,2030.1695130099997,16.78079814
564,1750338351927.0,14238.02780835,10737.69614079,2029.9697820599995,17.13328936
565,1750338351927.0,14237.98591372,10732.41616714,2029.9278874299998,17.13733398
566,1750338353338.0,14237.9736708,10732.41016896,2029.9156445099998,17.0720091
567,1750338353338.0,14237.93576226,10727.13320803,2029.8777359699998,17.0759613
568,1750338355014.0,14237.93604698,10727.13342255,2029.8780206899992,17.07596164
569,1750338355014.0,14237.89415241,10721.78614707,2029.8361261199989,17.08000903
570,1750338356536.0,14237.85913218,10721.75977349,2029.8011058899992,17.07996703
571,1750338356536.0,14237.71146555,10716.44905888,2029.6534392600006,16.10767382
572,1750338359222.0,14237.76769705,10716.89606107,2029.7096707599994,16.11463511
573,1750338359222.0,14237.75726357,10711.63986913,2029.6992372799996,16.116682
574,1750338360828.0,14237.75726357,10711.63989118,2029.6992372799996,16.11624108
575,1750338360828.0,14237.70867804,10706.49023905,2029.6506517500002,16.11804409
576,1750338362578.0,14237.72205963,10706.48630708,2029.6640333399992,16.39720118
577,1750338362578.0,14237.68130373,10701.20748653,2029.6232774399996,16.39500308
578,1750338364319.0,14237.68187316,10701.14008297,2029.6238468699994,16.39544597
579,1750338364319.0,14237.64083254,10695.92841459,2029.5828062500004,16.40209292
580,1750338365919.0,14237.51997183,10695.84460438,2029.4619455399989,16.26214994
581,1750338365919.0,14237.47807742,10690.56476076,2029.4200511300005,16.26416762
582,1750338368054.0,14237.45885934,10690.61793286,2029.40083305,14.91234728
583,1750338368054.0,14237.4051484,10685.34602967,2029.347122109999,14.90877587
584,1750338370388.0,14237.41226618,10685.34339017,2029.354239889999,14.90034377
585,1750338370388.0,14237.27299975,10681.53266851,2029.2149734599989,16.52362246
586,1750338371856.0,14237.24951113,10681.51500924,2029.1914848399992,16.52359519
587,1750338371856.0,14237.20761587,10676.61689224,2029.1495895799999,19.80159119
588,1750338373758.0,14237.25502004,10677.06229433,2029.1969937499998,19.80165713
589,1750338373758.0,14237.19248301,10671.62306652,2029.1344567199994,22.67818129
590,1750338378532.0,14237.27234386,10675.37358377,2029.2143175700003,22.74671728
591,1750338378532.0,14237.23058824,10670.09341888,2029.1725619499994,22.74901779
592,1750338380396.0,14237.23400473,10670.09594368,2029.17597844,22.74902326
593,1750338380396.0,14237.19481147,10664.8210922,2029.1367851800005,22.68271901
594,1750338382608.0,14237.38086765,10665.16287088,2029.322841359999,22.75162516
595,1750338382608.0,14237.43534211,10659.95809022,2029.3773158200001,22.68506925
596,1750338386406.0,14237.27775711,10659.83665789,2029.2197308199993,22.75352761
597,1750338386406.0,14237.2471045,10654.56819543,2029.18907821,22.68673635
598,1750338387924.0,14237.25265626,10650.9098517,2029.1946299699994,17.4552754
599,1750338387924.0,14237.21075773,10645.62417098,2029.1527314399991,17.44957182
600,1750338389508.0,14236.86327561,10643.1298418,2028.8052493199993,15.09699064
601,1750338389508.0,14236.99234324,10637.96986596,2028.934316949999,15.08915463
602,1750338396044.0,14237.29996579,10634.62959996,2029.2419394999997,11.33139994
603,1750338396044.0,14237.25806733,10629.3365538,2029.2000410399996,11.31793595
604,1750338397626.0,14237.22632294,10629.31527861,2029.1682966499993,11.32046478
605,1750338397626.0,14237.18043873,10623.89020539,2029.1224124399996,11.17113902
606,1750338399744.0,14236.81274582,10624.13893024,2028.7547195299994,11.72150764
607,1750338399744.0,14236.75860693,10618.83887593,2028.7005806399993,11.71003723
608,1750338404538.0,14236.66607899,10620.32306539,2028.6080526999995,13.34489639
609,1750338404538.0,14236.6216203,10615.03261249,2028.56359401,13.33589298
610,1750338406426.0,14236.9350756,10615.62316337,2028.87704931,13.71182673
611,1750338406426.0,14236.90940622,10610.34721478,2028.85137993,13.7034824
612,1750338408088.0,14236.94413959,10610.37123615,2028.8861132999991,13.70155144
613,1750338408088.0,14236.90224378,10605.08717312,2028.8442174899992,13.6971892
614,1750338410184.0,14236.87790203,10604.71302508,2028.8198757400005,13.32240963
615,1750338410184.0,14236.8360063,10599.42845962,2028.7779800099997,13.31750899
616,1750338413596.0,14236.89408469,10599.47173889,2028.8360584000002,13.31756333
617,1750338413596.0,14236.79311412,10594.1431526,2028.7350878300003,13.31260741
618,1750338415042.0,14236.79766928,10594.14654251,2028.73964299,13.31261167
619,1750338415042.0,14236.75577353,10588.86197571,2028.6977472399994,13.30771102
620,1750338417557.0,14236.73684123,10588.84793006,2028.67881494,13.30769331
621,1750338417557.0,14236.69437615,10583.49640214,2028.6363498600003,13.23278272
622,1750338422007.0,14236.52227771,10583.43496351,2028.4642514200004,13.30263135
623,1750338422007.0,14236.48038253,10578.15046779,2028.4223562400002,13.29773074
624,1750338423583.0,14236.46714423,10578.14066734,2028.4091179400002,13.29771837
625,1750338423583.0,14236.42411031,10572.85533085,2028.366084019999,13.29281675
626,1750338428403.0,14236.43749092,10572.86526882,2028.3794646299993,13.29282924
627,1750338428403.0,14236.39602278,10567.88877161,2028.3379964899996,13.61180725
628,1750338431018.0,14236.53936571,10568.2588603,2028.4813394199991,13.88950058
629,1750338431018.0,14236.49747028,10562.97552465,2028.4394439899988,13.88585553
630,1750338434873.0,14236.51426712,10562.99187737,2028.456240829999,13.89000464
631,1750338434873.0,14236.47237284,10557.77465492,2028.4143465500001,13.95580057
632,1750338437337.0,14236.47279987,10557.77205932,2028.4147735799997,13.95273536
633,1750338437337.0,14236.43104794,10552.30821609,2028.373021649999,13.75877806
634,1750338439631.0,14236.39745446,10552.47576231,2028.3394281700002,13.96136356
635,1750338439631.0,14236.35570321,10546.54949557,2028.2976769199995,13.2805469
636,1750338442808.0,14236.22047563,10545.03904004,2028.1624493399995,11.79591095
637,1750338442808.0,14236.04933372,10538.97396755,2027.9913074300002,11.06970514
638,1750338446050.0,14236.28220916,10536.77689877,2028.224182869999,8.57571053
639,1750338446050.0,14236.24031566,10531.49095747,2028.1822893699991,8.5690653
640,1750338449664.0,14236.01911311,10531.16523682,2027.9610868199998,8.39829033
641,1750338449664.0,14235.9652634,10524.81488809,2027.9072371099992,7.28041778
642,1750338452300.0,14235.88925194,10524.28502565,2027.8312256499994,6.78178174
643,1750338452300.0,14235.84735935,10518.99975399,2027.78933306,6.77572068
644,1750338455244.0,14235.78657882,10515.43491648,2027.7285525299994,3.07047061
645,1750338455244.0,14236.12872759,10506.71221665,2028.0707012999992,-0.85246045
646,1750338456734.0,14236.12872759,10506.71221665,2028.0707012999992,-0.85246045
647,1750338456734.0,14236.0328868,10501.37508979,2027.9748605099994,-0.87110837
648,1750338458367.0,14235.89339133,10500.90155171,2027.8353650400004,-1.26128039
649,1750338458367.0,14235.83313594,10495.58823511,2027.7751096499996,-1.28247722
650,1750338459997.0,14235.89576637,10495.60893826,2027.83774008,-1.30933869
651,1750338459997.0,14235.85387295,10490.30914554,2027.7958466599994,-1.33057484
652,1750338462183.0,14235.84789461,10490.51228942,2027.78986832,-1.11209873
653,1750338462183.0,14235.824078,10485.22476664,2027.7660517099994,-1.13433088
654,1750338464491.0,14235.82322395,10485.21086532,2027.765197659999,-1.14834119
655,1750338464491.0,14235.78290004,10479.92199782,2027.7248737499995,-1.15979031
